﻿<addon id="plugin.video.helloworld.bob" name="helloWorld.bob" provider-name="freelancerbob" version="0.0.4">
  <requires>
    <import addon="xbmc.python" version="3.0.0"/>
    <import addon="inputstream.adaptive" version="19.0.0"/>
  </requires>
  <extension library="main.py" point="xbmc.python.pluginsource">
    <provides>video</provides>
  </extension>
  <extension point="xbmc.addon.metadata">
    <summary lang="cs_CZ">Ahoj Svet</summary>
    <description lang="cs_CZ">
Prvy addon
    </description>    
    <platform>all</platform>
    <source>https://github.com/freelancerbob/plugin.video.helloworld.bob</source>
    <news>
v1.0.0
- prva verzia
    </news>

  </extension>
</addon>
