﻿<addon id="plugin.video.demo.1" name="demo.1" provider-name="freelancerbob" version="0.0.1">
  <requires>
    <import addon="xbmc.python" version="3.0.0"/>
    <import addon="inputstream.adaptive" version="19.0.0"/>
  </requires>
  <extension library="main.py" point="xbmc.python.pluginsource">
    <provides>video</provides>
  </extension>
  <extension point="xbmc.addon.metadata">
    <summary lang="cs_CZ">Ahoj Svet</summary>
    <description lang="cs_CZ">
Demo
    </description>    
    <platform>all</platform>
    <news>
v0.0.1
- prva verzia
    </news>

  </extension>
</addon>
